{"__AppSettings__": true, "data_dir_path": "./", "pianoroll_display_mode": true, "load_lcd_file_path": null, "loading_lcdata_path": "music\\LC_USER", "selected_lc_music_dir": "LC_USER", "selected_song_number": 0, "instruments_list_category": 0, "layer_display_mode": 0, "pianoroll_note_icon_size": 5, "pianoroll_zoom_disp": false, "pianoroll_zoom_disp_center_key": 89, "display_chord_name": 1, "master_volume": 2.0, "config_midi_input_device_name": "[ default ]", "config_audio_device_name": "[ default ]", "config_audio_buffer_size": 512, "enable_bubbles_help": true, "sound_preview_type": 0, "editor_bg_color": 12, "pro_mode": 0, "pianoroll_edit_target": 0, "system_palette_color": 0, "user_instruments_palette_list": [9], "user_chord_palette_list": [], "recent_instruments_palette_list": [16, 1, 54, 55, 66, 67, 66], "recent_chord_palette_list": [65536, 131072, 65536, 131072, 65536, 327680, 65536], "play_se": true, "screen_interpolation": 0, "screen_scale_in_integer": false, "system_language": null, "test": 1}